category,supply_counts,trade_counts
2020-01,0.0,11.0
2020-02,0.0,7.0
2020-03,0.0,26.0
2020-04,150.0,17.0
2020-05,467.0,34.0
2020-06,318.0,91.0
2020-07,0.0,85.0
2020-08,46.0,68.0
2020-09,871.0,77.0
2020-10,0.0,99.0
2020-11,352.0,264.0
2020-12,361.0,274.0
2021-01,109.0,52.0
2021-02,0.0,55.0
2021-03,0.0,89.0
2021-04,0.0,127.0
2021-05,454.0,130.0
2021-06,0.0,294.0
2021-07,154.0,204.0
2021-08,0.0,211.0
2021-09,3.0,160.0
2021-10,0.0,528.0
2021-11,362.0,65.0
2021-12,8.0,1914.0
2022-01,0.0,52.0
2022-02,0.0,21.0
2022-03,0.0,174.0
2022-04,101.0,77.0
2022-05,0.0,64.0
2022-06,260.0,45.0
2022-07,0.0,81.0
2022-08,58.0,84.0
2022-09,463.0,68.0
2022-10,0.0,90.0
2022-11,0.0,50.0
2022-12,0.0,52.0
2023-01,0.0,59.0
2023-02,0.0,82.0
2023-03,14.0,148.0
2023-04,0.0,114.0
2023-05,214.0,120.0
2023-06,53.0,202.0
2023-07,0.0,93.0
2023-08,0.0,70.0
2023-09,5.0,195.0
2023-10,0.0,120.0
2023-11,0.0,129.0
2023-12,0.0,86.0
2024-01,0.0,162.0
2024-02,0.0,40.0
2024-03,0.0,86.0
2024-04,0.0,68.0
2024-05,0.0,85.0
2024-06,0.0,110.0
2024-07,414.0,83.0
2024-08,871.0,63.0
2024-09,69.0,32.0
2024-10,0.0,100.0
2024-11,0.0,98.0
2024-12,0.0,62.0
